{
  "time": "2017-05-23 21:03:49.570168",
  "results": {
    "NDAS": 0.867769470038872,
    "NRDAS": 0.8718613727061861
  }
}