{
  "time": "2017-05-23 21:03:49.557207",
  "results": {
    "NDAS": 0.857192451858054,
    "NRDAS": 0.8621151099397882
  }
}