{
  "time": "2017-05-23 21:03:49.544046",
  "results": {
    "NDAS": 0.8201769402197208,
    "NRDAS": 0.8367222756634063
  }
}