{
  "time": "2017-05-23 21:03:49.582453",
  "results": {
    "NDAS": 0.867372838257144,
    "NRDAS": 0.8723507037181252
  }
}