{
  "time": "2017-05-23 21:03:49.608387",
  "results": {
    "NDAS": 0.8624071395602704,
    "NRDAS": 0.870283419407298
  }
}