{
  "time": "2017-05-23 21:03:49.594294",
  "results": {
    "NDAS": 0.8632592995864696,
    "NRDAS": 0.8706294093557745
  }
}