{
  "time": "2017-05-23 21:03:49.636399",
  "results": {
    "NDAS": 0.861358000082637,
    "NRDAS": 0.8694480826030226
  }
}