{
  "time": "2017-05-23 21:03:49.624036",
  "results": {
    "NDAS": 0.8617885101825988,
    "NRDAS": 0.8698250355376759
  }
}