{
  "time": "2017-05-23 22:03:15.669745",
  "results": {
    "synthetic_aperture": 0.8285696707578577,
    "reversed_synthetic_aperture": 0.8261589106029347
  }
}