{
  "time": "2017-05-23 22:02:17.923176",
  "results": {
    "synthetic_aperture": 0.8179085625151556,
    "reversed_synthetic_aperture": 0.8204995670423951
  }
}