{
  "time": "2017-05-23 22:07:32.362280",
  "results": {
    "synthetic_aperture": 0.8373788667528814,
    "reversed_synthetic_aperture": 0.8464862537440409
  }
}