{
  "time": "2017-05-23 22:04:52.708461",
  "results": {
    "synthetic_aperture": 0.8316575642176863,
    "reversed_synthetic_aperture": 0.835547837623764
  }
}