{
  "time": "2017-05-23 22:11:09.043639",
  "results": {
    "synthetic_aperture": 0.8098199412272641,
    "reversed_synthetic_aperture": 0.8226645032045842
  }
}