{
  "time": "2017-05-23 22:22:25.716469",
  "results": {
    "synthetic_aperture": 0.8037009769850413,
    "reversed_synthetic_aperture": 0.8154097133352927
  }
}