{
  "time": "2017-05-23 22:16:00.001267",
  "results": {
    "synthetic_aperture": 0.8184030571382596,
    "reversed_synthetic_aperture": 0.8308870165418145
  }
}