{
  "time": "2017-05-23 21:30:45.783345",
  "results": {
    "NDAS": 0.4046606969362062,
    "NRDAS": 0.4121444375350108
  }
}