{
  "time": "2017-05-23 21:30:50.618016",
  "results": {
    "NDAS": 0.5928251392171889,
    "NRDAS": 0.6262705332515272
  }
}