{
  "time": "2017-05-23 21:30:52.069311",
  "results": {
    "NDAS": 0.6997211028019852,
    "NRDAS": 0.7333903931304997
  }
}