{
  "time": "2017-05-23 21:30:54.904609",
  "results": {
    "NDAS": 0.7671495807146894,
    "NRDAS": 0.8005512942453943
  }
}