{
  "time": "2017-05-23 21:30:56.393095",
  "results": {
    "NDAS": 0.7754046920325559,
    "NRDAS": 0.806259600458293
  }
}