{
  "time": "2017-05-23 21:30:53.419838",
  "results": {
    "NDAS": 0.7464714595344616,
    "NRDAS": 0.7804524611008282
  }
}