{
  "time": "2017-05-23 21:26:28.064600",
  "results": {
    "NDAS": 0.7861449662394384,
    "NRDAS": 0.8159308010406776
  }
}