{
  "time": "2017-05-23 21:30:57.971022",
  "results": {
    "NDAS": 0.7842284460269173,
    "NRDAS": 0.8144463894930504
  }
}