{
  "time": "2017-05-23 14:12:12.682930",
  "results": {
    "NDAS": 1.4157497995931214,
    "NRDAS": 1.4287615838632102
  }
}