{
  "time": "2017-05-18 23:00:12.330530",
  "results": {
    "delay_and_sum": 1.976849976435143,
    "reversed_method": 2.0170606141936656,
    "optimized_reversed_method": 2.0170606141936656
  }
}