{
  "time": "2017-05-23 14:12:03.906020",
  "results": {
    "NDAS": 2.716555440274127,
    "NRDAS": 2.74948803297894
  }
}