{
  "time": "2017-05-23 14:12:08.076376",
  "results": {
    "NDAS": 1.8715513234809011,
    "NRDAS": 1.8942426277499087
  }
}