{
  "time": "2017-05-23 14:12:24.346606",
  "results": {
    "NDAS": 1.0376567337276694,
    "NRDAS": 1.0602668101042831
  }
}