{
  "time": "2017-05-23 14:12:31.908962",
  "results": {
    "NDAS": 0.9596000423508495,
    "NRDAS": 0.980763042445338
  }
}