{
  "time": "2017-05-18 23:00:23.772504",
  "results": {
    "delay_and_sum": 0.8267490814407938,
    "reversed_method": 0.7710112574823983,
    "optimized_reversed_method": 0.7710112574823983
  }
}