{
  "time": "2017-05-18 23:00:16.712055",
  "results": {
    "delay_and_sum": 0.8781995981448032,
    "reversed_method": 0.8276315599005218,
    "optimized_reversed_method": 0.8276315599005218
  }
}