{
  "time": "2017-05-23 14:12:18.048614",
  "results": {
    "NDAS": 1.1900633326171692,
    "NRDAS": 1.2162651865881906
  }
}