{
  "time": "2017-05-23 14:25:21.687010",
  "results": {
    "NDAS": 0.8830864166861286,
    "NRDAS": 0.9033315286665963
  }
}