{
  "time": "2017-05-18 23:00:29.632000",
  "results": {
    "delay_and_sum": 0.8295634249383346,
    "reversed_method": 0.7732195172682471,
    "optimized_reversed_method": 0.7732195172682471
  }
}