{
  "time": "2017-05-23 14:12:41.102176",
  "results": {
    "NDAS": 0.9127374414916031,
    "NRDAS": 0.9332097668387732
  }
}