{
  "time": "2017-05-18 23:40:55.881106",
  "results": {
    "synthetic_aperture": 0.6914637044231133,
    "reversed_synthetic_aperture": 0.6922265635237871
  }
}