{
  "time": "2017-05-18 23:40:53.055858",
  "results": {
    "synthetic_aperture": 1.0561489200022094,
    "reversed_synthetic_aperture": 1.0607589145152587
  }
}