{
  "time": "2017-05-18 23:41:04.913897",
  "results": {
    "synthetic_aperture": 0.8102463706809714,
    "reversed_synthetic_aperture": 0.804250691025448
  }
}