{
  "time": "2017-05-18 23:41:24.493605",
  "results": {
    "synthetic_aperture": 0.824622470517395,
    "reversed_synthetic_aperture": 0.8181965778690082
  }
}