{
  "time": "2017-05-18 23:42:48.753773",
  "results": {
    "synthetic_aperture": 0.8016483961711828,
    "reversed_synthetic_aperture": 0.7821628296883779
  }
}