{
  "time": "2017-05-18 23:41:55.770285",
  "results": {
    "synthetic_aperture": 0.8073037491933508,
    "reversed_synthetic_aperture": 0.7970749418566528
  }
}