{
  "time": "2017-05-18 23:45:55.906833",
  "results": {
    "synthetic_aperture": 0.8354055796680512,
    "reversed_synthetic_aperture": 0.815794703939981
  }
}