{
  "time": "2017-05-18 23:44:05.180206",
  "results": {
    "synthetic_aperture": 0.8186640724791642,
    "reversed_synthetic_aperture": 0.7947901553868015
  }
}