{
  "time": "2017-05-23 22:29:43.890405",
  "results": {
    "synthetic_aperture": 0.815492868027583,
    "reversed_synthetic_aperture": 0.8197239650286424
  }
}