{
  "time": "2017-05-23 22:29:00.514647",
  "results": {
    "synthetic_aperture": 0.7921332579432652,
    "reversed_synthetic_aperture": 0.7951111309174906
  }
}