{
  "time": "2017-05-23 22:31:04.961198",
  "results": {
    "synthetic_aperture": 0.8529100164220398,
    "reversed_synthetic_aperture": 0.8576948482110761
  }
}