{
  "time": "2017-05-23 22:36:17.504519",
  "results": {
    "synthetic_aperture": 0.8410219709276489,
    "reversed_synthetic_aperture": 0.8476636496885475
  }
}