{
  "time": "2017-05-23 22:33:10.794299",
  "results": {
    "synthetic_aperture": 0.8365291324457422,
    "reversed_synthetic_aperture": 0.8428951163680025
  }
}