{
  "time": "2017-05-23 22:46:08.996570",
  "results": {
    "synthetic_aperture": 0.8297256438609664,
    "reversed_synthetic_aperture": 0.8365359879926694
  }
}