{
  "time": "2017-05-23 22:40:30.806559",
  "results": {
    "synthetic_aperture": 0.8599899813943467,
    "reversed_synthetic_aperture": 0.8676236011990269
  }
}