{
  "transducer_frequency": 3e6,
  "sampling_frequency": 1e8,
  "element_count": 192,
  "element_width": 5.133333333333333e-4,
  "element_height": 5e-3,
  "kerf": 2.5666666666666666e-05,
  "focus": [0.0, 0.0, 5e-2],
  "active_count": 64,
  "z_focus": 5e-2,
  "line_count": 129,
  "pixel_width": 5.133333333333333e-4,
  "z_start": 30e-3,
  "z_size": 50e-3,
  "dynamic_range": 50,
  "point_count": 1000,
  "light_points": [
    [-30e-3, 0e-3, 50e-3],
    [-20e-3, 0e-3, 50e-3],
    [-10e-3, 0e-3, 50e-3],
    [  0e-3, 0e-3, 50e-3],
    [ 10e-3, 0e-3, 50e-3],
    [ 20e-3, 0e-3, 50e-3],
    [ 30e-3, 0e-3, 50e-3]
  ]
}