{
  "time": "2017-05-18 22:55:50.894805",
  "results": {
    "delay_and_sum": 1.330354159051294,
    "reversed_method": 1.3577420488672585,
    "optimized_reversed_method": 1.3577420488672585
  }
}