{
  "time": "2017-05-23 14:02:34.564726",
  "results": {
    "NDAS": 0.8596818543746612,
    "NRDAS": 0.8683763906857684
  }
}