{
  "time": "2017-05-23 14:02:29.315957",
  "results": {
    "NDAS": 0.9791411191654965,
    "NRDAS": 0.9905764847061816
  }
}