{
  "time": "2017-05-18 22:55:53.330767",
  "results": {
    "delay_and_sum": 0.7287861122847382,
    "reversed_method": 0.7535412020084934,
    "optimized_reversed_method": 0.7535412020084934
  }
}