{
  "time": "2017-05-23 14:02:24.681762",
  "results": {
    "NDAS": 1.5331223236344442,
    "NRDAS": 1.5571676949789213
  }
}