{
  "time": "2017-05-18 22:55:55.572819",
  "results": {
    "delay_and_sum": 0.6989498959600406,
    "reversed_method": 0.709387744759953,
    "optimized_reversed_method": 0.709387744759953
  }
}