{
  "time": "2017-05-18 22:56:03.273907",
  "results": {
    "delay_and_sum": 0.7380145149778892,
    "reversed_method": 0.7032482904592667,
    "optimized_reversed_method": 0.7032482904592667
  }
}