{
  "time": "2017-05-23 14:02:40.759801",
  "results": {
    "NDAS": 0.8133965027299486,
    "NRDAS": 0.8182517959896993
  }
}