{
  "time": "2017-05-23 14:02:56.377091",
  "results": {
    "NDAS": 0.7855888233814561,
    "NRDAS": 0.7880767184803598
  }
}