{
  "time": "2017-05-23 14:02:48.214756",
  "results": {
    "NDAS": 0.7940284446109283,
    "NRDAS": 0.7969808352056733
  }
}