{
  "time": "2017-05-18 22:55:58.763911",
  "results": {
    "delay_and_sum": 0.7418733119602919,
    "reversed_method": 0.7017596458677757,
    "optimized_reversed_method": 0.7017596458677757
  }
}