{
  "time": "2017-05-23 14:03:17.588365",
  "results": {
    "NDAS": 0.7832040452830328,
    "NRDAS": 0.7855577436368348
  }
}