{
  "time": "2017-05-18 22:56:09.921827",
  "results": {
    "delay_and_sum": 0.7380830405451849,
    "reversed_method": 0.7061000378358012,
    "optimized_reversed_method": 0.7061000378358012
  }
}