{
  "time": "2017-05-23 14:03:06.321406",
  "results": {
    "NDAS": 0.7827672354300826,
    "NRDAS": 0.7851924255274096
  }
}