{
  "time": "2017-05-18 22:08:28.112462",
  "results": {
    "synthetic_aperture": 0.7694583151966765,
    "reversed_synthetic_aperture": 0.7682817668048516
  }
}