{
  "time": "2017-05-18 23:47:06.159051",
  "results": {
    "synthetic_aperture": 0.7525885609667797,
    "reversed_synthetic_aperture": 0.7547032470139609
  }
}