{
  "time": "2017-05-18 23:46:53.845672",
  "results": {
    "synthetic_aperture": 1.6094184343095868,
    "reversed_synthetic_aperture": 1.6187799539846366
  }
}