{
  "time": "2017-05-18 23:46:56.799434",
  "results": {
    "synthetic_aperture": 0.9551615701506673,
    "reversed_synthetic_aperture": 0.9602491706065308
  }
}