{
  "time": "2017-05-18 23:47:23.139765",
  "results": {
    "synthetic_aperture": 0.7694583151966765,
    "reversed_synthetic_aperture": 0.7682817668048516
  }
}