{
  "time": "2017-05-18 23:49:55.911594",
  "results": {
    "synthetic_aperture": 0.8243089057431433,
    "reversed_synthetic_aperture": 0.8232917075955709
  }
}